"word","group","F1_previous","dur_previous","F1_last","dur_last","speaker","rel_dur_prcnt","rel_F1_prcnt"
"??bada","1","750","0.10421978","720","0.112861943","PorPorf","92.3427129019035","104.166666666667"
"??bada","1","750","0.0943874","630","0.082573663","PorPorf","114.306906791818","119.047619047619"
"??bada","1","660","0.076714221","610","0.074427007","PorPorf","103.0730968397","108.196721311475"
"??bada","1","640","0.100434917","670","0.099799866","PorPorf","100.636324501678","95.5223880597015"
"??bada","1","750","0.088694771","730","0.087200074","PorPorf","101.714100609594","102.739726027397"
"??bada","1","600","0.071904425","550","0.078888238","PorPorf","91.1472062539919","109.090909090909"
"abada","1","610","0.090215263","660","0.091546312","PorPorf","98.5460375509174","92.4242424242424"
"abada","1","640","0.092579942","630","0.083965012","PorPorf","110.260142641318","101.587301587302"
"abada","1","580","0.072869142","660","0.0658853","PorPorf","110.600000303558","87.8787878787879"
"abada","1","535","0.078429684","700","0.101965833","PorPorf","76.9176121966267","76.4285714285714"
"abada","1","600","0.08963738","620","0.09510825","PorPorf","94.2477440180005","96.7741935483871"
"abada","1","670","0.06951191","605","0.076499381","PorPorf","90.8659770724158","110.743801652893"
"x?daba","1","690","0.115789464","740","0.105889681","PorPorf","109.349148006216","93.2432432432432"
"x?daba","1","660","0.086277655","720","0.10357502","PorPorf","83.2996749602365","91.6666666666667"
"x?daba","1","760","0.101917537","780","0.118380341","PorPorf","86.0932956765178","97.4358974358974"
"todaba","1","560","0.098782252","620","0.105088247","PorPorf","93.9993337218766","90.3225806451613"
"todaba","1","650","0.102088217","620","0.139425891","PorPorf","73.2204157117418","104.838709677419"
"todaba","1","610","0.084697784","610","0.129279065","PorPorf","65.5154676435817","100"
"?ostaba","1","595","0.0670195","780","0.093499641","PorPorf","71.6788848419215","76.2820512820513"
"?ostaba","1","725","0.092067821","660","0.108677006","PorPorf","84.7169280684821","109.848484848485"
"?ostaba","1","700","0.074649646","740","0.098352088","PorPorf","75.9004180978852","94.5945945945946"
"tongada","1","590","0.093387904","600","0.080066048","PorPorf","116.638583185722","98.3333333333333"
"tongada","1","580","0.075449439","590","0.091514179","PorPorf","82.4456273601056","98.3050847457627"
"tongada","1","580","0.082190733","610","0.110189774","PorPorf","74.5901638749164","95.0819672131148"
"??bada","1","760","0.089190653","590","0.099074295","PorPorf","90.0240097595446","128.813559322034"
"??bada","1","610","0.078598899","625","0.075645109","PorPorf","103.904799714149","97.6"
"??bada","1","600","0.089342938","650","0.093755751","PorPorf","95.2932881951956","92.3076923076923"
"x?da=da","2","700","0.110258668","600","0.092713695","PorPorf","118.923820261936","116.666666666667"
"x?da=da","2","650","0.109885467","660","0.103017625","PorPorf","106.666666990236","98.4848484848485"
"x?da=da","2","720","0.084131947","610","0.06728622","PorPorf","125.035924146133","118.032786885246"
"x?da=da","2","700","0.103751811","610","0.072788764","PorPorf","142.538223344471","114.754098360656"
"toda=da","2","610","0.095298267","595","0.093647584","PorPorf","101.762654122503","102.521008403361"
"toda=da","2","610","0.106626462","600","0.095386797","PorPorf","111.783250254225","101.666666666667"
"toda=da","2","595","0.099431276","595","0.092056264","PorPorf","108.011417886783","100"
"?osta=da","2","560","0.06894848","580","0.072204835","PorPorf","95.4901150317704","96.551724137931"
"?osta=da","2","650","0.08332888","565","0.078992209","PorPorf","105.489998387056","115.044247787611"
"?osta=da","2","700","0.081932309","565","0.067578118","PorPorf","121.24088599212","123.893805309735"
"taga=da","2","730","0.09093078","600","0.085968172","PorPorf","105.772610821596","121.666666666667"
"taga=da","2","720","0.081755887","620","0.091773477","PorPorf","89.0844388515431","116.129032258065"
"taga=da","2","700","0.082147802","570","0.086178713","PorPorf","95.3226140659585","122.80701754386"
"taga=da","2","770","0.095241599","620","0.088146117","PorPorf","108.049681870842","124.193548387097"
"taga=da","2","710","0.09440756","610","0.097333968","PorPorf","96.9934360428006","116.393442622951"
"taga=da","2","655","0.090540729","620","0.074306363","PorPorf","121.847881318051","105.645161290323"
"jada=da","2","500","0.08820741","605","0.104838353","PorPorf","84.1365850148371","82.6446280991736"
"jada=da","2","560","0.102772858","450","0.081669191","PorPorf","125.840426165113","124.444444444444"
"x?da=da","2","680","0.122086643","620","0.068265591","PorPorf","178.840673920189","109.677419354839"
"x?da=da","2","770","0.13587409","650","0.075807255","PorPorf","179.236261753575","118.461538461538"
"x?da=da","2","745","0.111001692","660","0.082041008","PorPorf","135.300253746273","112.878787878788"
"x?da=da","2","690","0.111567715","635","0.078218851","PorPorf","142.635328406959","108.661417322835"
"x?da=da","2","630","0.089441972","620","0.075633177","PorPorf","118.25758952318","101.612903225806"
"x?da=da","2","665","0.109291339","600","0.069586374","PorPorf","157.058534189466","110.833333333333"
"x?da=da","2","690","0.10581534","615","0.099313712","PorPorf","106.546556229818","112.19512195122"
"x?da=da","2","705","0.106838625","600","0.088927838","PorPorf","120.140810125171","117.5"
"x?da=da","3","680","0.126822768","580","0.107177072","PorPorf","118.330129414246","117.241379310345"
"x?da=da","3","620","0.112097228","580","0.096295401","PorPorf","116.409742143345","106.896551724138"
"x?da=da","3","640","0.120073354","640","0.118893129","PorPorf","100.9926772135","100"
"x?da=da","3","660","0.101378624","710","0.189036705","PorPorf","53.6290684922804","92.9577464788732"
"x?da=ta","3","645","0.12576492","670","0.173936687","PorPorf","72.3049991172937","96.2686567164179"
"x?da=ta","3","640","0.104296559","620","0.159382914","PorPorf","65.4377287894234","103.225806451613"
"toda=da","3","630","0.085506136","530","0.110522372","PorPorf","77.3654550229885","118.867924528302"
"toda=da","3","630","0.121408954","530","0.105187735","PorPorf","115.421207615127","118.867924528302"
"toda=da","3","630","0.122117215","550","0.109332289","PorPorf","111.693641573717","114.545454545455"
"toda=da","3","600","0.090170739","550","0.083932714","PorPorf","107.432173586094","109.090909090909"
"toba=da","2","670","0.145820881","580","0.130528896","PorPorf","111.71540208231","115.51724137931"
"toba=da","2","650","0.10421599","550","0.107775744","PorPorf","96.6970731373471","118.181818181818"
"toba=da","2","560","0.130468622","570","0.091569517","PorPorf","142.480408627688","98.2456140350877"
"toba=da","2","585","0.105206115","520","0.087215885","PorPorf","120.627240095081","112.5"
"x?da=da","3","630","0.116644505","540","0.07567142","PorPorf","154.146050120376","116.666666666667"
"x?da=da","3","780","0.130915479","660","0.094949374","PorPorf","137.879243943199","118.181818181818"
"x?da=da","3","700","0.120489034","600","0.076857993","PorPorf","156.768384519226","116.666666666667"
"?osta=da","3","680","0.094250144","590","0.096039613","PorPorf","98.1367386392946","115.254237288136"
"?osta=da","3","690","0.092052522","635","0.097497352","PorPorf","94.4154073025491","108.661417322835"
"?osta=da","3","600","0.084806172","585","0.080686745","PorPorf","105.105456912409","102.564102564103"
"x?da=da","3","620","0.116143203","665","0.087706629","PorPorf","132.422377104472","93.2330827067669"
"x?da=da","3","650","0.105707679","635","0.08728168","PorPorf","121.110958221702","102.362204724409"
"x?da=da","3","610","0.107833679","630","0.072375602","PorPorf","148.991754154943","96.8253968253968"
"toda=da","3","560","0.090525958","600","0.095214755","PorPorf","95.0755563042724","93.3333333333333"
"toda=da","3","590","0.11029077","555","0.099797852","PorPorf","110.514172188796","106.306306306306"
"toda=da","3","640","0.102508218","590","0.099880296","PorPorf","102.631071497826","108.474576271186"
"toda=da","3","600","0.095801436","600","0.065375185","PorPorf","146.540978813291","100"
"toda=da","3","670","0.085187718","560","0.06579663","PorPorf","129.471247995528","119.642857142857"
"?osta=da","3","610","0.069285362","585","0.083470648","PorPorf","83.005659666138","104.273504273504"
"?osta=da","3","630","0.104433832","555","0.110209105","PorPorf","94.7597133648803","113.513513513514"
"?osta=da","3","635","0.103784283","590","0.09819434","PorPorf","105.692734428481","107.627118644068"
"x?da=da","4","645","0.110610876","640","0.092658184","PorPorf","119.375182228911","100.78125"
"x?da=da","4","690","0.132347252","650","0.10482321","PorPorf","126.257583601952","106.153846153846"
"x?da=da","4","770","0.137698184","635","0.105730267","PorPorf","130.235350677777","121.259842519685"
"x?da=da","4","740","0.125360386","635","0.092967475","PorPorf","134.84327287581","116.535433070866"
"x?da=da","4","700","0.145516999","620","0.099960836","PorPorf","145.574011605905","112.903225806452"
"x?da=da","4","700","0.136755944","700","0.101530419","PorPorf","134.694552969391","100"
"jada=ta","4","630","0.141055656","690","0.096006224","PorPorf","146.923449463026","91.304347826087"
"jada=da","4","640","0.166072612","690","0.205920853","PorPorf","80.6487587733526","92.7536231884058"
"jada=da","4","655","0.14258211","670","0.148498227","PorPorf","96.0160352621584","97.7611940298508"
"toda=da","4","640","0.09805403","660","0.091299217","PorPorf","107.398544283244","96.969696969697"
"toda=da","4","630","0.124196548","635","0.102390073","PorPorf","121.297450388574","99.2125984251969"
"toda=da","4","590","0.122259669","630","0.111289881","PorPorf","109.856950067185","93.6507936507936"
"?osta=da","4","640","0.104400525","590","0.107141731","PorPorf","97.441514175275","108.474576271186"
"?osta=da","4","720","0.127708629","700","0.135985817","PorPorf","93.9131975800094","102.857142857143"
"?osta=da","4","770","0.105241729","665","0.11958317","PorPorf","88.007140971426","115.789473684211"
"taga=da","4","635","0.113585662","610","0.177729549","PorPorf","63.9092726218531","104.098360655738"
"taga=da","4","700","0.115023001","650","0.138662895","PorPorf","82.9515358092011","107.692307692308"
"taga=da","4","770","0.094356522","570","0.09274375","PorPorf","101.738954916099","135.087719298246"
"x?da=da","4","760","0.125140645","670","0.101753174","PorPorf","122.984512502775","113.432835820896"
"x?da=da","4","730","0.126048331","605","0.107272059","PorPorf","117.503413447112","120.661157024793"
"x?da=da","4","760","0.121070955","665","0.104796606","PorPorf","115.529461898795","114.285714285714"
"?osta=da","4","605","0.10249332","630","0.139535837","PorPorf","73.4530441810443","96.031746031746"
"?osta=da","4","780","0.106838474","680","0.09841283","PorPorf","108.561530036277","114.705882352941"
"?osta=da","4","760","0.097417476","640","0.111875139","PorPorf","87.0769653300721","118.75"
"x?da=da","4","610","0.117352836","600","0.08994298","PorPorf","130.474702972928","101.666666666667"
"x?da=da","4","640","0.107697984","595","0.077232057","PorPorf","139.44725569073","107.563025210084"
"x?da=da","4","750","0.094177445","600","0.077536974","PorPorf","121.461336626317","125"
"??bada","1","770","0.097129246","770","0.08939171","IrMikh","108.65576461173","100"
"??bada","1","700","0.082272192","720","0.068482822","IrMikh","120.135516611742","97.2222222222222"
"??bada","1","800","0.087146178","700","0.081129319","IrMikh","107.416380507274","114.285714285714"
"??bada","1","700","0.080622035","700","0.070904022","IrMikh","113.705869887043","100"
"??bada","1","760","0.099080835","660","0.073964647","IrMikh","133.957017330185","115.151515151515"
"??bada","1","760","0.095600997","730","0.070483445","IrMikh","135.636101498728","104.109589041096"
"abada","1","760","0.076226133","760","0.07811995","IrMikh","97.5757575369672","100"
"abada","1","800","0.098060534","810","0.10168024","IrMikh","96.4401087172886","98.7654320987654"
"abada","1","775","0.083948834","860","0.109679499","IrMikh","76.5401326277028","90.1162790697674"
"abada","1","780","0.072918472","780","0.082699619","IrMikh","88.1726819080025","100"
"abada","1","730","0.06931658","800","0.118178251","IrMikh","58.6542611804265","91.25"
"abada","1","725","0.065832597","750","0.062573896","IrMikh","105.207764272821","96.6666666666667"
"x?daba","1","790","0.088715699","770","0.085251243","IrMikh","104.063818752766","102.597402597403"
"x?daba","1","740","0.07769372","760","0.085298094","IrMikh","91.0849426483082","97.3684210526316"
"x?daba","1","730","0.082316455","740","0.065579825","IrMikh","125.521004363766","98.6486486486486"
"todaba","1","720","0.088863616","700","0.072748759","IrMikh","122.151384053163","102.857142857143"
"todaba","1","740","0.103951721","750","0.0613387","IrMikh","169.47167285906","98.6666666666667"
"todaba","1","700","0.092542386","740","0.065518562","IrMikh","141.246057872882","94.5945945945946"
"?ostaba","1","685","0.062018278","720","0.078071026","IrMikh","79.4382771401006","95.1388888888889"
"?ostaba","1","750","0.071632795","800","0.09792508","IrMikh","73.1506116716984","93.75"
"?ostaba","1","725","0.064276884","720","0.088158705","IrMikh","72.9104221755526","100.694444444444"
"tongada","1","730","0.089452199","740","0.080887627","IrMikh","110.588234959594","98.6486486486486"
"tongada","1","730","0.074811889","725","0.073473659","IrMikh","101.821373834125","100.689655172414"
"tongada","1","695","0.071885441","710","0.072655693","IrMikh","98.9398600877704","97.887323943662"
"??bada","1","725","0.104539663","740","0.087423131","IrMikh","119.578951021555","97.972972972973"
"??bada","1","800","0.124977556","780","0.137434019","IrMikh","90.9364049085984","102.564102564103"
"??bada","1","660","0.099663432","730","0.106158757","IrMikh","93.8814986313376","90.4109589041096"
"x?da=da","2","730","0.128622162","730","0.094346113","IrMikh","136.330112508186","100"
"x?da=da","2","770","0.153775591","735","0.092578137","IrMikh","166.103570435858","104.761904761905"
"x?da=da","2","800","0.143027531","745","0.093336248","IrMikh","153.238997779298","107.38255033557"
"x?da=da","2","730","0.094579221","785","0.145873511","IrMikh","64.8364602672791","92.9936305732484"
"x?da=da","2","800","0.151382799","715","0.073410075","IrMikh","206.215289931253","111.888111888112"
"x?da=da","2","750","0.119057394","665","0.067582937","IrMikh","176.164871319517","112.781954887218"
"toda=da","2","750","0.133799018","725","0.079256263","IrMikh","168.818227021377","103.448275862069"
"toda=da","2","740","0.123098429","710","0.078391338","IrMikh","157.03065177941","104.225352112676"
"toda=da","2","730","0.104168683","600","0.072470857","IrMikh","143.738721069629","121.666666666667"
"?osta=da","2","770","0.08478801","720","0.094795112","IrMikh","89.4434409234096","106.944444444444"
"?osta=da","2","730","0.077206583","670","0.068194048","IrMikh","113.216014101407","108.955223880597"
"?osta=da","2","720","0.082218223","740","0.053179184","IrMikh","154.606025921722","97.2972972972973"
"taga=da","2","760","0.104685987","665","0.066670284","IrMikh","157.020460569809","114.285714285714"
"taga=da","2","770","0.112854405","750","0.05821553","IrMikh","193.85618408009","102.666666666667"
"taga=da","2","750","0.102802393","645","0.068336228","IrMikh","150.436153719225","116.279069767442"
"taga=da","2","775","0.104998937","745","0.07307696","IrMikh","143.682683297171","104.026845637584"
"taga=da","2","735","0.14918144","630","0.079218411","IrMikh","188.316627557702","116.666666666667"
"taga=da","2","765","0.131381544","745","0.084236764","IrMikh","155.966988475483","102.684563758389"
"jada=da","2","720","0.079634105","600","0.062724625","IrMikh","126.958279941889","120"
"jada=da","2","765","0.084881952","655","0.071145744","IrMikh","119.307139440414","116.793893129771"
"jada=da","2","780","0.09379965","680","0.064513992","IrMikh","145.394273539917","114.705882352941"
"x?da=da","2","740","0.098527701","685","0.062207819","IrMikh","158.384753852245","108.029197080292"
"x?da=da","2","760","0.121961184","695","0.07648088","IrMikh","159.466240451208","109.352517985612"
"x?da=da","2","790","0.139824145","695","0.077893402","IrMikh","179.507046052501","113.669064748201"
"x?da=da","2","770","0.117759418","730","0.078012741","IrMikh","150.948955889141","105.479452054795"
"x?da=da","2","800","0.122603808","730","0.064121139","IrMikh","191.206534868322","109.58904109589"
"x?da=da","2","780","0.108886264","710","0.082705891","IrMikh","131.654786235239","109.859154929577"
"x?da=da","3","750","0.135281242","740","0.074725408","IrMikh","181.037809790212","101.351351351351"
"x?da=da","3","750","0.148051895","710","0.064735029","IrMikh","228.704454585167","105.633802816901"
"x?da=da","3","800","0.137229372","680","0.07252476","IrMikh","189.217271453225","117.647058823529"
"x?da=da","3","815","0.128025767","710","0.07215719","IrMikh","177.426209363197","114.788732394366"
"x?da=da","3","750","0.108944206","700","0.06958727","IrMikh","156.557666366276","107.142857142857"
"x?da=da","3","745","0.107393355","690","0.07592245","IrMikh","141.451382298648","107.971014492754"
"toda=da","3","750","0.110010216","690","0.087124712","IrMikh","126.267523271698","108.695652173913"
"toda=da","3","745","0.091223685","640","0.082361827","IrMikh","110.759666611087","116.40625"
"toda=da","3","700","0.105539383","640","0.075547504","IrMikh","139.699364521692","109.375"
"toba=da","2","750","0.140639462","715","0.106665061","IrMikh","131.851480401816","104.895104895105"
"toba=da","2","725","0.167618609","740","0.081164786","IrMikh","206.516418339352","97.972972972973"
"toba=da","2","710","0.152873459","670","0.091580939","IrMikh","166.927158281266","105.970149253731"
"x?da=da","3","730","0.106446546","660","0.072837631","IrMikh","146.142240677762","110.606060606061"
"x?da=da","3","750","0.097112639","640","0.065467752","IrMikh","148.33660242374","117.1875"
"x?da=da","3","725","0.106208821","690","0.070031974","IrMikh","151.65761427773","105.072463768116"
"?osta=da","3","760","0.111631364","740","0.085824353","IrMikh","130.06956661823","102.702702702703"
"?osta=da","3","770","0.093772735","730","0.073453005","IrMikh","127.66357891008","105.479452054795"
"?osta=da","3","720","0.091393022","690","0.0651331","IrMikh","140.317322528791","104.347826086957"
"x?da=da","3","750","0.115344591","710","0.074290324","IrMikh","155.261930207762","105.633802816901"
"x?da=da","3","760","0.107562437","720","0.085099416","IrMikh","126.396210521586","105.555555555556"
"x?da=da","3","780","0.10270744","725","0.076618125","IrMikh","134.051100832864","107.586206896552"
"toda=da","3","800","0.133011056","690","0.0875673","IrMikh","151.895805854469","115.942028985507"
"toda=da","3","640","0.116945753","630","0.076430037","IrMikh","153.010200688507","101.587301587302"
"toda=da","3","765","0.150041582","640","0.09070321","IrMikh","165.420366048787","119.53125"
"toda=da","3","670","0.084711361","630","0.050203089","IrMikh","168.737348014581","106.349206349206"
"toda=da","3","650","0.108974081","610","0.092528131","IrMikh","117.773999995742","106.55737704918"
"toda=da","3","730","0.103127339","650","0.079346439","IrMikh","129.970973240526","112.307692307692"
"?osta=da","3","740","0.095653637","680","0.082692842","IrMikh","115.673418262732","108.823529411765"
"?osta=da","3","730","0.119835962","700","0.089443789","IrMikh","133.979075953502","104.285714285714"
"?osta=da","3","800","0.137687698","690","0.097669916","IrMikh","140.972475086392","115.942028985507"
"x?da=da","4","670","0.101187602","580","0.05822083","IrMikh","173.799655552832","115.51724137931"
"x?da=da","4","700","0.092701132","665","0.060327059","IrMikh","153.664265317492","105.263157894737"
"x?da=da","4","760","0.09582997","685","0.059072087","IrMikh","162.22546868879","110.948905109489"
"x?da=da","4","830","0.187575233","755","0.184139301","IrMikh","101.865941698128","109.933774834437"
"x?da=da","4","805","0.157958935","720","0.121969697","IrMikh","129.506704439874","111.805555555556"
"x?da=da","4","850","0.191537542","765","0.137509628","IrMikh","139.290277186991","111.111111111111"
"jada=da","4","770","0.133593517","750","0.145932269","IrMikh","91.5448775760486","102.666666666667"
"jada=da","4","805","0.136435795","755","0.153027892","IrMikh","89.1574687573949","106.622516556291"
"jada=da","4","795","0.120040635","730","0.102617164","IrMikh","116.97910010454","108.904109589041"
"toda=da","4","760","0.130952521","740","0.079531187","IrMikh","164.655559585701","102.702702702703"
"toda=da","4","795","0.146611579","740","0.098518724","IrMikh","148.815954010935","107.432432432432"
"toda=da","4","790","0.136826147","740","0.080487076","IrMikh","169.997661487914","106.756756756757"
"?osta=da","4","650","0.076822464","665","0.069149329","IrMikh","111.096470654111","97.7443609022556"
"?osta=da","4","800","0.102295505","690","0.086341562","IrMikh","118.477709495225","115.942028985507"
"?osta=da","4","800","0.121532437","685","0.076318765","IrMikh","159.243191369776","116.788321167883"
"taga=da","4","760","0.085903717","630","0.069316673","IrMikh","123.929371220687","120.634920634921"
"taga=da","4","760","0.089417178","640","0.07622663","IrMikh","117.304382995811","118.75"
"taga=da","4","700","0.126672017","740","0.101714567","IrMikh","124.536750965081","94.5945945945946"
"x?da=da","4","780","0.103665949","740","0.060022601","IrMikh","172.711524114058","105.405405405405"
"x?da=da","4","740","0.113914926","640","0.063847754","IrMikh","178.416496843413","115.625"
"x?da=da","4","745","0.14920269","700","0.064719327","IrMikh","230.538074043941","106.428571428571"
"?osta=da","4","780","0.118319063","590","0.084577059","IrMikh","139.894983815883","132.203389830508"
"?osta=da","4","700","0.111468319","700","0.195932363","IrMikh","56.8912237331614","100"
"?osta=da","4","820","0.089124757","670","0.085030443","IrMikh","104.815115452239","122.388059701493"
"??bada","1","870","0.063336709","760","0.102222269","Olga","61.9597956683979","114.473684210526"
"??bada","1","750","0.061501929","710","0.077628792","Olga","79.2256679712342","105.633802816901"
"??bada","1","790","0.072947819","745","0.104145843","Olga","70.0439085216296","106.040268456376"
"??bada","1","810","0.108295186","795","0.106489959","Olga","101.695208653428","101.88679245283"
"??bada","1","760","0.108299388","775","0.125494702","Olga","86.2979761488258","98.0645161290323"
"??bada","1","740","0.110556806","790","0.127030538","Olga","87.0316758006646","93.6708860759494"
"abada","1","840","0.081416214","790","0.100971129","Olga","80.6331619803914","106.329113924051"
"abada","1","820","0.096758006","820","0.11549389","Olga","83.7775972391267","100"
"abada","1","775","0.085459519","815","0.108707619","Olga","78.6141024761107","95.0920245398773"
"abada","1","765","0.091995404","830","0.112827183","Olga","81.5365602099629","92.1686746987952"
"abada","1","775","0.086131466","805","0.116938862","Olga","73.6551258725265","96.2732919254658"
"x?daba","1","810","0.104848075","825","0.095435415","Olga","109.862858562516","98.1818181818182"
"x?daba","1","790","0.099148248","745","0.083940448","Olga","118.117368160818","106.040268456376"
"x?daba","1","810","0.106904034","800","0.084521485","Olga","126.481490475469","101.25"
"todaba","1","780","0.092811778","805","0.082104582","Olga","113.040923830536","96.8944099378882"
"todaba","1","800","0.096876124","800","0.089172552","Olga","108.638949797018","100"
"todaba","1","780","0.100310188","795","0.088533952","Olga","113.301378436151","98.1132075471698"
"?ostaba","1","775","0.084326459","820","0.077687443","Olga","108.545803213011","94.5121951219512"
"?ostaba","1","755","0.094986796","780","0.11140898","Olga","85.259550890781","96.7948717948718"
"?ostaba","1","715","0.082892255","805","0.082946335","Olga","99.9348012181611","88.8198757763975"
"tongada","1","750","0.084640369","740","0.082981778","Olga","101.99874121762","101.351351351351"
"tongada","1","675","0.078821241","745","0.071481031","Olga","110.268752279189","90.6040268456376"
"tongada","1","670","0.089363265","750","0.080311115","Olga","111.271353909107","89.3333333333333"
"??bada","1","750","0.075010978","770","0.085563262","Olga","87.6672724328813","97.4025974025974"
"??bada","1","755","0.072642739","755","0.087578101","Olga","82.9462367538661","100"
"??bada","1","720","0.090137691","765","0.090937255","Olga","99.1207519954281","94.1176470588235"
"x?da=da","2","750","0.102538739","670","0.108472556","Olga","94.5296605714721","111.940298507463"
"x?da=da","2","720","0.104796066","660","0.095210325","Olga","110.067963742378","109.090909090909"
"x?da=da","2","815","0.106573279","660","0.093631708","Olga","113.82178246711","123.484848484848"
"x?da=da","2","805","0.096919126","780","0.094846834","Olga","102.184882628765","103.205128205128"
"x?da=da","2","785","0.089594234","660","0.08539798","Olga","104.913762597195","118.939393939394"
"x?da=da","2","695","0.084469698","695","0.084281757","Olga","100.222991317089","100"
"toda=da","2","645","0.086793837","605","0.06488589","Olga","133.763807508844","106.611570247934"
"toda=da","2","730","0.099411242","645","0.073810228","Olga","134.684913857738","113.178294573643"
"toda=da","2","655","0.082015502","620","0.069464763","Olga","118.067777759495","105.645161290323"
"?osta=da","2","850","0.074467621","790","0.080958275","Olga","91.9827170230591","107.594936708861"
"?osta=da","2","770","0.081085868","745","0.091050439","Olga","89.0559879672848","103.355704697987"
"?osta=da","2","715","0.071675183","700","0.076725801","Olga","93.4173147309339","102.142857142857"
"taga=da","2","865","0.099134624","705","0.090676289","Olga","109.328055981647","122.695035460993"
"taga=da","2","765","0.100581366","720","0.101075469","Olga","99.511154383068","106.25"
"taga=da","2","770","0.085860214","610","0.093092157","Olga","92.2314153704699","126.229508196721"
"taga=da","2","780","0.099298325","660","0.089489789","Olga","110.960508578247","118.181818181818"
"taga=da","2","770","0.087969319","590","0.073985248","Olga","118.901161215274","130.508474576271"
"taga=da","2","770","0.061502009","690","0.067963114","Olga","90.493218130058","111.594202898551"
"taga=da","2","780","0.085179883","590","0.083896092","Olga","101.530215495616","132.203389830508"
"taga=da","2","780","0.084021948","665","0.072426208","Olga","116.010419874529","117.293233082707"
"taga=da","2","755","0.104979387","660","0.082170598","Olga","127.757847155986","114.393939393939"
"taga=da","2","705","0.094129344","645","0.08188102","Olga","114.958685175148","109.302325581395"
"jada=da","2","725","0.087783094","600","0.076896596","Olga","114.157321086099","120.833333333333"
"jada=da","2","730","0.081249695","655","0.069274073","Olga","117.287307475049","111.450381679389"
"jada=da","2","680","0.094337597","635","0.08623603","Olga","109.394642819249","107.086614173228"
"x?da=da","2","810","0.103260892","695","0.075645995","Olga","136.505431649091","116.546762589928"
"x?da=da","2","795","0.101262666","730","0.091767472","Olga","110.3470148987","108.904109589041"
"x?da=da","2","710","0.090579589","675","0.080554163","Olga","112.445571559101","105.185185185185"
"x?da=da","2","780","0.0936155","720","0.076915056","Olga","121.712841241382","108.333333333333"
"x?da=da","2","670","0.087679031","690","0.082737136","Olga","105.973007090794","97.1014492753623"
"x?da=da","2","710","0.094902167","715","0.080488916","Olga","117.907125249395","99.3006993006993"
"x?da=da","3","780","0.118342193","680","0.08837934","Olga","133.902553470076","114.705882352941"
"x?da=da","3","770","0.107726124","605","0.060449762","Olga","178.207689221341","127.272727272727"
"x?da=da","3","785","0.103711799","695","0.065873425","Olga","157.441030278902","112.94964028777"
"x?da=da","3","715","0.094244613","630","0.080973305","Olga","116.389732393904","113.492063492063"
"x?da=da","3","745","0.084661052","680","0.07539966","Olga","112.283068650442","109.558823529412"
"toda=da","3","760","0.094775558","670","0.070775057","Olga","133.910959619573","113.432835820896"
"toda=da","3","690","0.092178829","720","0.071927017","Olga","128.15605713219","95.8333333333333"
"toda=da","3","700","0.095230681","655","0.074841845","Olga","127.242561965168","106.870229007634"
"toba=da","2","700","0.084429193","690","0.081776823","Olga","103.24342509613","101.449275362319"
"toba=da","2","715","0.090745742","660","0.100790756","Olga","90.0337943689995","108.333333333333"
"toba=da","2","705","0.087887496","665","0.08756255","Olga","100.371101572533","106.015037593985"
"toba=da","2","710","0.08226388","650","0.091997497","Olga","89.4196936684049","109.230769230769"
"x?da=da","3","820","0.101165268","765","0.085979615","Olga","117.661922538267","107.18954248366"
"x?da=da","3","735","0.093658101","700","0.080623736","Olga","116.166907720575","105"
"x?da=da","3","740","0.096161345","735","0.085236262","Olga","112.817412147895","100.680272108844"
"?osta=da","3","660","0.063404237","695","0.075968305","Olga","83.4614343442308","94.9640287769784"
"?osta=da","3","670","0.061142285","660","0.081431209","Olga","75.0845845847628","101.515151515152"
"?osta=da","3","715","0.063769938","705","0.076489001","Olga","83.3713830306138","101.418439716312"
"x?da=da","4","790","0.097574712","650","0.074393344","Olga","131.160540383828","121.538461538462"
"x?da=da","4","770","0.099001074","685","0.075578169","Olga","130.991628018932","112.408759124088"
"x?da=da","4","790","0.092815775","770","0.080753409","Olga","114.937283947976","102.597402597403"
"x?da=da","4","800","0.124644838","745","0.086214092","Olga","144.575944730706","107.38255033557"
"x?da=da","4","785","0.097730181","670","0.079692439","Olga","122.634194945395","117.164179104478"
"jada=da","4","800","0.12321835","690","0.105463053","Olga","116.835561360053","115.942028985507"
"jada=da","4","715","0.112105074","700","0.087404609","Olga","128.259911328017","102.142857142857"
"toda=da","4","745","0.125584351","760","0.077823677","Olga","161.37036418878","98.0263157894737"
"toda=da","4","710","0.121942073","740","0.092199229","Olga","132.259319652228","95.9459459459459"
"toda=da","4","630","0.114767824","720","0.069870964","Olga","164.256820615785","87.5"
"?osta=da","4","835","0.09549918","650","0.081844851","Olga","116.683186337525","128.461538461538"
"?osta=da","4","730","0.10809483","730","0.105068197","Olga","102.880636659255","100"
"?osta=da","4","780","0.089375409","720","0.091491677","Olga","97.6869283967765","108.333333333333"
"taga=da","4","785","0.132185638","660","0.086899637","Olga","152.112992140577","118.939393939394"
"taga=da","4","810","0.123179183","685","0.076392173","Olga","161.245816374408","118.248175182482"
"taga=da","4","870","0.120037111","750","0.114862721","Olga","104.50484713835","116"
"x?da=da","4","810","0.109861884","760","0.083968065","Olga","130.837698832288","106.578947368421"
"x?da=da","4","740","0.099273362","735","0.075938389","Olga","130.728822809238","100.680272108844"
"?osta=da","4","820","0.094576314","675","0.108612322","Olga","87.0769653557356","121.481481481481"
"?osta=da","4","715","0.086639202","690","0.081883693","Olga","105.807638646684","103.623188405797"
"?osta=da","4","735","0.087753813","650","0.079124708","Olga","110.905702173334","113.076923076923"
"ɕəbada","1","606","0.0868975622469996","658","0.105410868953059","RozNik","82.437003992156","92.09726443769"
"ɕəbada","1","684","0.108407879067431","709","0.171954772987787","RozNik","63.0444140536481","96.4739069111425"
"ɕəbada","1","622","0.104181259703683","649","0.0982532786310699","RozNik","106.033367186526","95.8397534668721"
"ɕəbada","1","737","0.0759431225377618","739","0.0905859683468719","RozNik","83.8354150467987","99.7293640054127"
"ɕəbada","1","652","0.0732712341930437","709","0.0823944256588689","RozNik","88.9274166390852","91.9605077574048"
"ɕəbada","1","662","0.0833179889528423","676","0.0792048514789272","RozNik","105.193037291421","97.9289940828402"
"abada","1","725","0.0739174666667139","742","0.0922542495620604","RozNik","80.1236441872402","97.7088948787062"
"abada","1","636","0.0817549142869751","661","0.0784588519788798","RozNik","104.201007566339","96.2178517397882"
"abada","1","585","0.093764600679691","715","0.131357631901302","RozNik","71.3811594518869","81.8181818181818"
"abada","1","649","0.0906955445759294","695","0.104535042780341","RozNik","86.760900616368","93.3812949640288"
"abada","1","709","0.110869101228949","694","0.12363053207023","RozNik","89.6777675970595","102.161383285303"
"abada","1","605","0.0865591811945662","646","0.080486117328725","RozNik","107.545479975183","93.6532507739938"
"xədaba","1","716","0.0865247022527313","718","0.0930594329378067","RozNik","92.977895438668","99.7214484679666"
"xədaba","1","658","0.0946821895129588","632","0.095608928784749","RozNik","99.0306979865064","104.113924050633"
"xədaba","1","739","0.107180202011065","650","0.0852317473334025","RozNik","125.751501481961","113.692307692308"
"todaba","1","685","0.0857341487979965","734","0.100711802571922","RozNik","85.1282040521225","93.3242506811989"
"todaba","1","624","0.0747657558315921","694","0.109414660957199","RozNik","68.3324841273685","89.9135446685879"
"todaba","1","624","0.0743675873013955","665","0.106016619458827","RozNik","70.147103049515","93.8345864661654"
"ʨostaba","1","635","0.0937845036473845","598","0.078769140690909","RozNik","119.062494302681","106.1872909699"
"ʨostaba","1","645","0.0755173124606756","674","0.096620907226594","RozNik","78.1583558137924","95.6973293768546"
"ʨostaba","1","612","0.064435638881946","677","0.0875803428064472","RozNik","73.573175003835","90.3988183161004"
"tongada","1","648","0.0906086905135481","661","0.0741597589558864","RozNik","122.180400515388","98.0332829046899"
"tongada","1","597","0.149309072876249","599","0.146866813966397","RozNik","101.662907258552","99.6661101836394"
"tongada","1","598","0.0997914526912353","617","0.100298960258712","RozNik","99.4940051560179","96.9205834683955"
"ɕəbada","1","591","0.0795452145019339","666","0.0785624184183007","RozNik","101.250974834304","88.7387387387387"
"ɕəbada","1","645","0.0798035513619481","635","0.0760517757062615","RozNik","104.933186136478","101.574803149606"
"ɕəbada","1","631","0.0868567822739976","714","0.0897479864990487","RozNik","96.7785302625349","88.375350140056"
"xəda=da","2","691","0.102885729574254","642","0.0773416000022848","RozNik","133.027671487549","107.632398753894"
"xəda=da","2","651","0.0895726924214415","609","0.0615623616977245","RozNik","145.499116588882","106.896551724138"
"xəda=da","2","665","0.0933888892828065","510","0.0665781162047522","RozNik","140.269648056129","130.392156862745"
"xəda=da","2","690","0.105953103499857","623","0.0750097223754409","RozNik","141.252493869445","110.754414125201"
"xəda=da","2","763","0.114059908884684","614","0.075777973197205","RozNik","150.518553178842","124.267100977199"
"xəda=da","2","691","0.0912845177003447","606","0.0498101392990975","RozNik","183.264931567856","114.026402640264"
"toda=da","2","652","0.0945034471506574","595","0.109141494637611","RozNik","86.5880089552033","109.579831932773"
"toda=da","2","666","0.123467533952037","601","0.101885833216925","RozNik","121.182239035296","110.815307820299"
"toda=da","2","653","0.119039638789018","590","0.0719829388458777","RozNik","165.37201828324","110.677966101695"
"ʨosta=da","2","656","0.0814480655467093","608","0.10541330843958","RozNik","77.2654485020675","107.894736842105"
"ʨosta=da","2","641","0.0958985282370292","602","0.0910993227173264","RozNik","105.268102304772","106.478405315615"
"taga=da","2","652","0.0863152257411741","604","0.0887188763074107","RozNik","97.2907112147048","107.94701986755"
"taga=da","2","638","0.0939094530062618","604","0.0762348187012094","RozNik","123.184464272586","105.629139072848"
"taga=da","2","641","0.101155483119612","618","0.0897870509433858","RozNik","112.661549807883","103.721682847896"
"taga=da","2","654","0.127604698097002","615","0.0901162439958227","RozNik","141.600107193679","106.341463414634"
"taga=da","2","619","0.0994949735248837","610","0.0786659570929941","RozNik","126.477802090766","101.475409836066"
"taga=da","2","652","0.0977780018753549","528","0.0903862971558169","RozNik","108.177904120572","123.484848484848"
"yada=da","2","642","0.0805739260432574","597","0.0557687200440568","RozNik","144.478707740835","107.537688442211"
"yada=da","2","615","0.11124055456014","549","0.0813331279627789","RozNik","136.77151899414","112.021857923497"
"jada=da","2","628","0.170795209670188","635","0.0892405962240729","RozNik","191.387347123209","98.8976377952756"
"xəda=da","2","656","0.123974012721731","610","0.0633250260426052","RozNik","195.77412039013","107.540983606557"
"xəda=da","2","658","0.125285610325704","606","0.0747391794973566","RozNik","167.630433152046","108.580858085809"
"xəda=da","2","703","0.139696669816885","621","0.0653515760440086","RozNik","213.761745734811","113.204508856683"
"xəda=da","2","700","0.137652403892559","564","0.0573915483675477","RozNik","239.847865771113","124.113475177305"
"xəda=da","2","703","0.125303992768891","701","0.0684755637697094","RozNik","182.990815804455","100.285306704708"
"xəda=da","3","678","0.129007942751826","627","0.0845504184881349","RozNik","152.581081275109","108.133971291866"
"xəda=da","3","648","0.124239555617975","580","0.0766562552067853","RozNik","162.073604147281","111.724137931034"
"xəda=da","3","636","0.111096699837332","613","0.0788355295628946","RozNik","140.922120334969","103.752039151713"
"xəda=da","3","634","0.110563838665001","578","0.0717542381593148","RozNik","154.086840723635","109.688581314879"
"xəda=da","3","630","0.0958894753780157","586","0.0542220745421673","RozNik","176.845825593494","107.508532423208"
"xəda=da","3","642","0.0914953440021406","572","0.0690026666474352","RozNik","132.596823351234","112.237762237762"
"toda=da","3","632","0.105545697204604","598","0.091888040821459","RozNik","114.863366615556","105.685618729097"
"toda=da","3","626","0.121515895424693","514","0.0918120620476088","RozNik","132.352865968397","121.789883268482"
"toda=da","3","622","0.106754324382734","545","0.096517608346005","RozNik","110.606060606093","114.128440366972"
"toba=da","2","641","0.0978677670900083","609","0.0753534696153224","RozNik","129.878249255968","105.254515599343"
"toba=da","2","623","0.0983439522587446","573","0.0834591731431828","RozNik","117.834803000055","108.726003490401"
"toba=da","2","631","0.0935960201993566","531","0.0831910020849591","RozNik","112.507384036282","118.832391713748"
"xəda=da","3","661","0.0933192770516484","623","0.0655337232445276","RozNik","142.39886341181","106.099518459069"
"xəda=da","3","612","0.10673341319233","554","0.0669192172121597","RozNik","159.49590810954","110.469314079422"
"xəda=da","3","656","0.10315124925529","581","0.0790218498012791","RozNik","130.535098222442","112.908777969019"
"ʨosta=da","3","596","0.0839615046612607","580","0.0611448105047998","RozNik","137.315831005265","102.758620689655"
"ʨosta=da","3","583","0.0718751862345357","625","0.0859560242136581","RozNik","83.6185559907679","93.28"
"ʨosta=da","3","610","0.0681167586744777","525","0.0560576102686241","RozNik","121.512062943938","116.190476190476"
"xəda=da","3","622","0.100230078278514","634","0.0617347618515964","RozNik","162.355981091263","98.1072555205047"
"xəda=da","3","622","0.0904174888931947","569","0.0820457985001894","RozNik","110.20367958633","109.314586994728"
"xəda=da","3","646","0.106170239469122","576","0.0869032359943844","RozNik","122.170639855094","112.152777777778"
"toda=da","3","611","0.0977993898651448","655","0.0992553686238011","RozNik","98.5330982305101","93.2824427480916"
"toda=da","3","632","0.0907020817500097","541","0.10079019680046","RozNik","89.9909759374492","116.820702402957"
"toda=da","3","553","0.0965581653514391","571","0.0808968063091128","RozNik","119.359675315838","96.8476357267951"
"toda=da","3","589","0.0900243247444336","538","0.0605761154587298","RozNik","148.613565037472","109.479553903346"
"toda=da","3","631","0.0695069450927121","578","0.0346193031048756","RozNik","200.775113473971","109.16955017301"
"toda=da","3","612","0.0949611713256786","556","0.0558234210319028","RozNik","170.109910088471","110.071942446043"
"ʨosta=da","3","649","0.0806244119294206","677","0.0716552848494984","RozNik","112.517048950068","95.864106351551"
"ʨosta=da","3","703","0.0828303415145228","673","0.0808693073521453","RozNik","102.424942449226","104.45765230312"
"ʨosta=da","3","654","0.0860354528869606","597","0.0798878933178457","RozNik","107.695233049463","109.547738693467"
"xəda=da","4","739","0.145837740681884","676","0.187990164677387","RozNik","77.5773248202418","109.319526627219"
"xəda=da","4","747","0.158743832303684","602","0.0675150621513012","RozNik","235.123581680099","124.086378737542"
"xəda=da","4","705","0.129289371402194","635","0.0814282003017865","RozNik","158.777144678411","111.023622047244"
"xəda=da","4","666","0.104927805719398","669","0.0976233455673991","RozNik","107.482288288262","99.5515695067265"
"xəda=da","4","719","0.119242727261507","578","0.0894645640516387","RozNik","133.284869294932","124.39446366782"
"xəda=da","4","697","0.115154600722291","635","0.079464092319256","RozNik","144.914007523857","109.763779527559"
"jada=da","4","676","0.165281116617165","741","0.132573219444793","RozNik","124.671571912752","91.2280701754386"
"jada=da","4","658","0.137948654578849","716","0.0958945047560178","RozNik","143.854598269034","91.8994413407821"
"jada=da","4","640","0.092316926606486","676","0.0503633021805853","RozNik","183.301973082443","94.6745562130178"
"toda=da","4","678","0.186540128252829","646","0.0791298965813211","RozNik","235.739128081791","104.953560371517"
"toda=da","4","716","0.132612134790917","644","0.0675619782520584","RozNik","196.282196320793","111.180124223602"
"toda=da","4","660","0.125184328140619","747","0.0707616766375736","RozNik","176.909782369611","88.3534136546185"
"ʨosta=da","4","716","0.125638498464695","595","0.0768379444332936","RozNik","163.511009295371","120.336134453782"
"ʨosta=da","4","647","0.109584981995908","633","0.122254613365953","RozNik","89.6366844397764","102.211690363349"
"ʨosta=da","4","654","0.0885986984844748","551","0.0790814769639496","RozNik","112.034703809166","118.693284936479"
"taga=da","4","657","0.106571827126686","630","0.0755375482802378","RozNik","141.084572577486","104.285714285714"
"taga=da","4","646","0.129709145514141","619","0.0940799160587744","RozNik","137.871238568185","104.361873990307"
"taga=da","4","669","0.114246783001078","602","0.0751546807818499","RozNik","152.015525596736","111.129568106312"
"xəda=da","4","688","0.121859482486968","619","0.0946705327452832","RozNik","128.719548684529","111.147011308562"
"xəda=da","4","669","0.113840135446537","590","0.0801361295290234","RozNik","142.058439951616","113.389830508475"
"xəda=da","4","638","0.117374471363973","633","0.0721740246605691","RozNik","162.627028097684","100.789889415482"
"ʨosta=da","4","648","0.0776594789756472","607","0.0706552540941061","RozNik","109.913239958365","106.754530477759"
"ʨosta=da","4","613","0.074827671904984","560","0.0807820639663532","RozNik","92.6290666900399","109.464285714286"
"ʨosta=da","4","652","0.116475264644009","587","0.0509828131288259","RozNik","228.459862247486","111.073253833049"
